{
  "project_info": {
    "project_number": "649555968177",
    "project_id": "androidwhatsapp-15b14",
    "storage_bucket": "androidwhatsapp-15b14.appspot.com"
  },
  "client": [
    {
      "client_info": {
        "mobilesdk_app_id": "1:649555968177:android:851add0f81efd92d9f6290",
        "android_client_info": {
          "package_name": "com.example.whatsappclone"
        }
      },
      "oauth_client": [
        {
          "client_id": "649555968177-trre63va3iplp66fbjv2pi2m1bvsdte3.apps.googleusercontent.com",
          "client_type": 3
        }
      ],
      "api_key": [
        {
          "current_key": "AIzaSyAijVMeoILVMjcEU1Rsq0uywcgUsywjfqc"
        }
      ],
      "services": {
        "appinvite_service": {
          "other_platform_oauth_client": [
            {
              "client_id": "649555968177-trre63va3iplp66fbjv2pi2m1bvsdte3.apps.googleusercontent.com",
              "client_type": 3
            }
          ]
        }
      }
    }
  ],
  "configuration_version": "1"
}